,split_id,precision macro average,precision weighted average,recall macro average,recall weighted average,accuracy,F1 macro average,F1 weighted average,CM,F1_concurrency,recall_concurrency,precision_concurrency,F1_memory,recall_memory,precision_memory,F1_other,recall_other,precision_other,F1_semantic,recall_semantic,precision_semantic,params,classifier
0,0,0.6257005932963525,0.6240764500666514,0.6364332927144492,0.627906976744186,0.627906976744186,0.6249138585501878,0.6196863590709799,"[[32, 10, 5, 7], [5, 38, 4, 4], [3, 1, 40, 7], [11, 7, 16, 25]]",0.6095238095238096,0.5925925925925926,0.6274509803921569,0.7102803738317757,0.7450980392156863,0.6785714285714286,0.6896551724137931,0.7843137254901961,0.6153846153846154,0.4901960784313726,0.423728813559322,0.5813953488372093,"{""artifactspred__replacement_strategy"": ""keep_exception_names"", ""decamelcase__decamlecase"": false, ""tfidf__use_idf"": true, ""vect__stemming"": true, ""vect__stop_words"": ""english""}",LogisticRegression(random_state=42)
0,1,0.6753534103595302,0.6641755032530012,0.6664663966494324,0.6578947368421053,0.6578947368421053,0.6688232650371249,0.6590988238802613,"[[40, 2, 3, 8], [3, 37, 3, 8], [5, 0, 40, 14], [9, 4, 19, 33]]",0.7272727272727273,0.7547169811320755,0.7017543859649122,0.7872340425531916,0.7254901960784313,0.8604651162790697,0.6451612903225806,0.6779661016949152,0.6153846153846154,0.515625,0.5076923076923077,0.5238095238095238,"{""artifactspred__replacement_strategy"": ""keep_exception_names"", ""decamelcase__decamlecase"": false, ""tfidf__use_idf"": true, ""vect__stemming"": true, ""vect__stop_words"": ""english""}",LogisticRegression(random_state=42)
0,2,0.6727203006365519,0.6721547859258622,0.6742034684412179,0.672566371681416,0.672566371681416,0.6712343696538206,0.6701225842525558,"[[39, 1, 2, 12], [7, 43, 1, 6], [4, 2, 44, 7], [9, 5, 18, 26]]",0.6902654867256637,0.7222222222222222,0.6610169491525424,0.7962962962962964,0.7543859649122807,0.8431372549019608,0.7213114754098361,0.7719298245614035,0.676923076923077,0.47706422018348627,0.4482758620689655,0.5098039215686274,"{""artifactspred__replacement_strategy"": ""keep_exception_names"", ""decamelcase__decamlecase"": false, ""tfidf__use_idf"": true, ""vect__stemming"": true, ""vect__stop_words"": ""english""}",LogisticRegression(random_state=42)
0,3,0.6876063587954312,0.6858619424460646,0.6852823024433194,0.6855895196506551,0.6855895196506551,0.6843852235139312,0.6836578506201869,"[[38, 6, 3, 9], [4, 51, 0, 4], [1, 2, 37, 15], [9, 10, 9, 31]]",0.7037037037037038,0.6785714285714286,0.7307692307692307,0.796875,0.864406779661017,0.7391304347826086,0.7115384615384616,0.6727272727272727,0.7551020408163265,0.5254237288135594,0.5254237288135594,0.5254237288135594,"{""artifactspred__replacement_strategy"": ""keep_exception_names"", ""decamelcase__decamlecase"": false, ""tfidf__use_idf"": true, ""vect__stemming"": true, ""vect__stop_words"": ""english""}",LogisticRegression(random_state=42)
0,4,0.6432849936948297,0.6433605693655099,0.6432722449963829,0.6438356164383562,0.6438356164383562,0.643041400600499,0.6433536415462358,"[[34, 6, 5, 10], [5, 38, 1, 8], [4, 3, 42, 9], [9, 5, 13, 27]]",0.6355140186915889,0.6181818181818182,0.6538461538461539,0.7307692307692306,0.7307692307692307,0.7307692307692307,0.7058823529411765,0.7241379310344828,0.6885245901639344,0.5,0.5,0.5,"{""artifactspred__replacement_strategy"": ""keep_exception_names"", ""decamelcase__decamlecase"": false, ""tfidf__use_idf"": true, ""vect__stemming"": true, ""vect__stop_words"": ""english""}",LogisticRegression(random_state=42)
0,5,0.6696531827464876,0.6746084524135096,0.658298319327731,0.6563876651982379,0.6563876651982379,0.6586372483504513,0.6601337036720346,"[[40, 4, 2, 14], [11, 39, 6, 4], [0, 1, 38, 12], [6, 2, 16, 32]]",0.6837606837606838,0.6666666666666666,0.7017543859649122,0.7358490566037735,0.65,0.8478260869565217,0.672566371681416,0.7450980392156863,0.6129032258064516,0.5423728813559322,0.5714285714285714,0.5161290322580645,"{""artifactspred__replacement_strategy"": ""keep_exception_names"", ""decamelcase__decamlecase"": false, ""tfidf__use_idf"": true, ""vect__stemming"": true, ""vect__stop_words"": ""english""}",LogisticRegression(random_state=42)
0,6,0.6305466391531965,0.6319521238184542,0.6239605442595384,0.6239316239316239,0.6239316239316239,0.6251658558160107,0.6258525902488751,"[[41, 3, 4, 9], [8, 40, 4, 8], [3, 3, 37, 16], [14, 6, 10, 28]]",0.6666666666666667,0.7192982456140351,0.6212121212121212,0.7142857142857142,0.6666666666666666,0.7692307692307693,0.6491228070175439,0.6271186440677966,0.6727272727272727,0.47058823529411764,0.4827586206896552,0.45901639344262296,"{""artifactspred__replacement_strategy"": ""keep_exception_names"", ""decamelcase__decamlecase"": false, ""tfidf__use_idf"": true, ""vect__stemming"": true, ""vect__stop_words"": ""english""}",LogisticRegression(random_state=42)
0,7,0.6990994276986712,0.7003368904294808,0.6882427430352621,0.6883116883116883,0.6883116883116883,0.6900424443378257,0.6906350782257504,"[[43, 3, 3, 8], [4, 39, 4, 12], [3, 2, 44, 9], [9, 2, 13, 33]]",0.7413793103448276,0.7543859649122807,0.7288135593220338,0.7428571428571429,0.6610169491525424,0.8478260869565217,0.7213114754098361,0.7586206896551724,0.6875,0.5546218487394958,0.5789473684210527,0.532258064516129,"{""artifactspred__replacement_strategy"": ""keep_exception_names"", ""decamelcase__decamlecase"": false, ""tfidf__use_idf"": true, ""vect__stemming"": true, ""vect__stop_words"": ""english""}",LogisticRegression(random_state=42)
0,8,0.6488273554467214,0.6537275766104812,0.6500245037980886,0.6556603773584906,0.6556603773584906,0.6482164786748055,0.6534943633582996,"[[38, 4, 4, 7], [8, 40, 2, 5], [2, 2, 40, 11], [11, 5, 12, 21]]",0.6785714285714285,0.7169811320754716,0.6440677966101694,0.7547169811320754,0.7272727272727273,0.7843137254901961,0.7079646017699116,0.7272727272727273,0.6896551724137931,0.4516129032258064,0.42857142857142855,0.4772727272727273,"{""artifactspred__replacement_strategy"": ""keep_exception_names"", ""decamelcase__decamlecase"": false, ""tfidf__use_idf"": true, ""vect__stemming"": true, ""vect__stop_words"": ""english""}",LogisticRegression(random_state=42)
0,9,0.6769505494505496,0.6741717161343329,0.6759132071632071,0.6728971962616822,0.6728971962616822,0.6760450249282103,0.6731559372705763,"[[38, 1, 4, 9], [3, 40, 1, 10], [1, 2, 39, 10], [8, 9, 12, 27]]",0.7450980392156863,0.7307692307692307,0.76,0.7547169811320754,0.7407407407407407,0.7692307692307693,0.7222222222222223,0.75,0.6964285714285714,0.48214285714285715,0.48214285714285715,0.48214285714285715,"{""artifactspred__replacement_strategy"": ""keep_exception_names"", ""decamelcase__decamlecase"": false, ""tfidf__use_idf"": true, ""vect__stemming"": true, ""vect__stop_words"": ""english""}",LogisticRegression(random_state=42)
0,10,0.6827233250620347,0.6817021899075709,0.6958675034946221,0.6855895196506551,0.6855895196506551,0.6801674906266364,0.673993944453313,"[[40, 5, 3, 4], [3, 48, 2, 2], [6, 2, 43, 8], [13, 7, 17, 26]]",0.7017543859649122,0.7692307692307693,0.6451612903225806,0.8205128205128205,0.8727272727272727,0.7741935483870968,0.6935483870967741,0.7288135593220338,0.6615384615384615,0.5048543689320388,0.4126984126984127,0.65,"{""artifactspred__replacement_strategy"": ""keep_exception_names"", ""decamelcase__decamlecase"": false, ""tfidf__use_idf"": true, ""vect__stemming"": true, ""vect__stop_words"": ""english""}",LogisticRegression(random_state=42)
0,11,0.7169477376763982,0.7162783047699444,0.7171994024470042,0.7110091743119266,0.7110091743119266,0.7111309411017053,0.7075881523569121,"[[39, 3, 5, 11], [2, 41, 2, 4], [1, 4, 45, 4], [5, 5, 17, 30]]",0.7428571428571429,0.6724137931034483,0.8297872340425532,0.803921568627451,0.8367346938775511,0.7735849056603774,0.7317073170731708,0.8333333333333334,0.6521739130434783,0.5660377358490565,0.5263157894736842,0.6122448979591837,"{""artifactspred__replacement_strategy"": ""keep_exception_names"", ""decamelcase__decamlecase"": false, ""tfidf__use_idf"": true, ""vect__stemming"": true, ""vect__stop_words"": ""english""}",LogisticRegression(random_state=42)
0,12,0.6383155303183059,0.6363708920988494,0.6432366975130134,0.6405529953917051,0.6405529953917051,0.6388950219291147,0.636638837730814,"[[33, 8, 3, 8], [3, 42, 2, 5], [1, 4, 39, 13], [10, 7, 14, 25]]",0.6666666666666666,0.6346153846153846,0.7021276595744681,0.743362831858407,0.8076923076923077,0.6885245901639344,0.6782608695652174,0.6842105263157895,0.6724137931034483,0.4672897196261682,0.44642857142857145,0.49019607843137253,"{""artifactspred__replacement_strategy"": ""keep_exception_names"", ""decamelcase__decamlecase"": false, ""tfidf__use_idf"": true, ""vect__stemming"": true, ""vect__stop_words"": ""english""}",LogisticRegression(random_state=42)
0,13,0.6830634278002699,0.6820494906428767,0.6878931262325092,0.6858407079646017,0.6858407079646017,0.6836329381627546,0.6820945789211196,"[[38, 3, 2, 15], [4, 47, 1, 3], [2, 2, 44, 8], [8, 5, 18, 26]]",0.6909090909090909,0.6551724137931034,0.7307692307692307,0.8392857142857144,0.8545454545454545,0.8245614035087719,0.7272727272727272,0.7857142857142857,0.676923076923077,0.4770642201834862,0.45614035087719296,0.5,"{""artifactspred__replacement_strategy"": ""keep_exception_names"", ""decamelcase__decamlecase"": false, ""tfidf__use_idf"": true, ""vect__stemming"": true, ""vect__stop_words"": ""english""}",LogisticRegression(random_state=42)
0,14,0.6317587257988878,0.6333656035697716,0.6141700653007535,0.616822429906542,0.616822429906542,0.6197575922119226,0.6219207251318608,"[[29, 5, 3, 14], [5, 43, 0, 8], [0, 3, 34, 17], [10, 8, 9, 26]]",0.6105263157894737,0.5686274509803921,0.6590909090909091,0.7478260869565218,0.7678571428571429,0.7288135593220338,0.68,0.6296296296296297,0.7391304347826086,0.4406779661016949,0.49056603773584906,0.4,"{""artifactspred__replacement_strategy"": ""keep_exception_names"", ""decamelcase__decamlecase"": false, ""tfidf__use_idf"": true, ""vect__stemming"": true, ""vect__stop_words"": ""english""}",LogisticRegression(random_state=42)
0,15,0.6560766819387509,0.6578844072272245,0.6541285183526563,0.6547085201793722,0.6547085201793722,0.6542478354978355,0.6554258148428551,"[[41, 2, 2, 9], [5, 42, 3, 8], [2, 3, 38, 13], [10, 5, 15, 25]]",0.7321428571428572,0.7592592592592593,0.7068965517241379,0.7636363636363636,0.7241379310344828,0.8076923076923077,0.6666666666666666,0.6785714285714286,0.6551724137931034,0.45454545454545453,0.45454545454545453,0.45454545454545453,"{""artifactspred__replacement_strategy"": ""keep_exception_names"", ""decamelcase__decamlecase"": false, ""tfidf__use_idf"": true, ""vect__stemming"": true, ""vect__stop_words"": ""english""}",LogisticRegression(random_state=42)
0,16,0.7175744213146882,0.7198457610186314,0.7243837640696723,0.7248908296943232,0.7248908296943232,0.7193479080132065,0.7208006491421052,"[[42, 4, 2, 9], [5, 49, 1, 7], [2, 0, 47, 5], [9, 7, 12, 28]]",0.7304347826086957,0.7368421052631579,0.7241379310344828,0.8032786885245902,0.7903225806451613,0.8166666666666667,0.8103448275862069,0.8703703703703703,0.7580645161290323,0.5333333333333333,0.5,0.5714285714285714,"{""artifactspred__replacement_strategy"": ""keep_exception_names"", ""decamelcase__decamlecase"": false, ""tfidf__use_idf"": true, ""vect__stemming"": true, ""vect__stop_words"": ""english""}",LogisticRegression(random_state=42)
0,17,0.6494868366927191,0.6540295808766398,0.6399525372348284,0.6444444444444445,0.6444444444444445,0.6425519824040687,0.6470051333579842,"[[43, 3, 1, 12], [10, 38, 1, 9], [1, 5, 40, 10], [14, 4, 10, 24]]",0.6771653543307087,0.7288135593220338,0.6323529411764706,0.7037037037037037,0.6551724137931034,0.76,0.7407407407407408,0.7142857142857143,0.7692307692307693,0.4485981308411215,0.46153846153846156,0.43636363636363634,"{""artifactspred__replacement_strategy"": ""keep_exception_names"", ""decamelcase__decamlecase"": false, ""tfidf__use_idf"": true, ""vect__stemming"": true, ""vect__stop_words"": ""english""}",LogisticRegression(random_state=42)
0,18,0.6480891567781811,0.6500078606441279,0.6509588520481532,0.6521739130434783,0.6521739130434783,0.6420813489712351,0.6437260922803203,"[[41, 5, 6, 9], [6, 41, 4, 5], [0, 4, 47, 6], [8, 6, 21, 21]]",0.7068965517241379,0.6721311475409836,0.7454545454545455,0.7321428571428571,0.7321428571428571,0.7321428571428571,0.6962962962962963,0.8245614035087719,0.6025641025641025,0.4329896907216495,0.375,0.5121951219512195,"{""artifactspred__replacement_strategy"": ""keep_exception_names"", ""decamelcase__decamlecase"": false, ""tfidf__use_idf"": true, ""vect__stemming"": true, ""vect__stop_words"": ""english""}",LogisticRegression(random_state=42)
0,19,0.6269898509605552,0.6304295720385367,0.6376300776217089,0.6415929203539823,0.6415929203539823,0.630823717672258,0.6345925180827158,"[[42, 7, 5, 8], [2, 45, 3, 5], [4, 1, 39, 12], [14, 8, 12, 19]]",0.6774193548387096,0.6774193548387096,0.6774193548387096,0.7758620689655172,0.8181818181818182,0.7377049180327869,0.6782608695652174,0.6964285714285714,0.6610169491525424,0.39175257731958757,0.3584905660377358,0.4318181818181818,"{""artifactspred__replacement_strategy"": ""keep_exception_names"", ""decamelcase__decamlecase"": false, ""tfidf__use_idf"": true, ""vect__stemming"": true, ""vect__stop_words"": ""english""}",LogisticRegression(random_state=42)
0,20,0.6389801602451232,0.6430086231512426,0.628743340699248,0.6324786324786325,0.6324786324786325,0.6311507936507936,0.6350596933930267,"[[41, 5, 3, 12], [7, 35, 2, 14], [1, 3, 46, 10], [10, 4, 15, 26]]",0.6833333333333333,0.6721311475409836,0.6949152542372882,0.6666666666666665,0.603448275862069,0.7446808510638298,0.7301587301587302,0.7666666666666667,0.696969696969697,0.4444444444444444,0.4727272727272727,0.41935483870967744,"{""artifactspred__replacement_strategy"": ""keep_exception_names"", ""decamelcase__decamlecase"": false, ""tfidf__use_idf"": true, ""vect__stemming"": true, ""vect__stop_words"": ""english""}",LogisticRegression(random_state=42)
0,21,0.6923542989213419,0.7007303232151862,0.6901815840507578,0.6952789699570815,0.6952789699570815,0.6896675960103668,0.6963386790679531,"[[43, 3, 2, 8], [6, 49, 1, 8], [3, 1, 44, 11], [11, 3, 14, 26]]",0.7226890756302521,0.7678571428571429,0.6825396825396826,0.8166666666666667,0.765625,0.875,0.7333333333333334,0.7457627118644068,0.7213114754098361,0.48598130841121495,0.48148148148148145,0.49056603773584906,"{""artifactspred__replacement_strategy"": ""keep_exception_names"", ""decamelcase__decamlecase"": false, ""tfidf__use_idf"": true, ""vect__stemming"": true, ""vect__stop_words"": ""english""}",LogisticRegression(random_state=42)
0,22,0.6801209340825074,0.6779607195458398,0.69492310635479,0.6851851851851852,0.6851851851851852,0.6813825063825064,0.6751915265804155,"[[41, 4, 3, 8], [6, 43, 1, 3], [1, 3, 39, 5], [13, 7, 14, 25]]",0.7008547008547008,0.7321428571428571,0.6721311475409836,0.7818181818181817,0.8113207547169812,0.7543859649122807,0.742857142857143,0.8125,0.6842105263157895,0.5,0.423728813559322,0.6097560975609756,"{""artifactspred__replacement_strategy"": ""keep_exception_names"", ""decamelcase__decamlecase"": false, ""tfidf__use_idf"": true, ""vect__stemming"": true, ""vect__stop_words"": ""english""}",LogisticRegression(random_state=42)
0,23,0.6328888098624941,0.6287795107360326,0.6141618950505922,0.6130434782608696,0.6130434782608696,0.6204005911242754,0.6178048079135035,"[[31, 3, 2, 19], [5, 41, 2, 9], [1, 5, 37, 14], [7, 6, 16, 32]]",0.6262626262626263,0.5636363636363636,0.7045454545454546,0.7321428571428571,0.7192982456140351,0.7454545454545455,0.6491228070175439,0.6491228070175439,0.6491228070175439,0.4740740740740741,0.5245901639344263,0.43243243243243246,"{""artifactspred__replacement_strategy"": ""keep_exception_names"", ""decamelcase__decamlecase"": false, ""tfidf__use_idf"": true, ""vect__stemming"": true, ""vect__stop_words"": ""english""}",LogisticRegression(random_state=42)
0,24,0.6970885090449805,0.7071563449532401,0.6814365872459218,0.6826086956521739,0.6826086956521739,0.6844417077175697,0.6898347254943955,"[[41, 1, 3, 10], [10, 45, 0, 10], [1, 2, 39, 15], [5, 3, 13, 32]]",0.7321428571428571,0.7454545454545455,0.7192982456140351,0.7758620689655172,0.6923076923076923,0.8823529411764706,0.6964285714285715,0.6842105263157895,0.7090909090909091,0.5333333333333333,0.6037735849056604,0.47761194029850745,"{""artifactspred__replacement_strategy"": ""keep_exception_names"", ""decamelcase__decamlecase"": false, ""tfidf__use_idf"": true, ""vect__stemming"": true, ""vect__stop_words"": ""english""}",LogisticRegression(random_state=42)
0,25,0.6428030303030303,0.6435928794673188,0.631737012987013,0.6322869955156951,0.6322869955156951,0.6336938095092474,0.6343518242526113,"[[33, 3, 5, 15], [6, 39, 5, 6], [2, 2, 41, 11], [4, 8, 15, 28]]",0.6534653465346534,0.5892857142857143,0.7333333333333333,0.7222222222222223,0.6964285714285714,0.75,0.6721311475409836,0.7321428571428571,0.6212121212121212,0.4869565217391304,0.509090909090909,0.4666666666666667,"{""artifactspred__replacement_strategy"": ""keep_exception_names"", ""decamelcase__decamlecase"": false, ""tfidf__use_idf"": true, ""vect__stemming"": true, ""vect__stop_words"": ""english""}",LogisticRegression(random_state=42)
0,26,0.6596828083732105,0.6612701534140568,0.6521111605210413,0.6513761467889908,0.6513761467889908,0.654060221517226,0.6544633561120974,"[[35, 2, 4, 12], [4, 43, 2, 8], [3, 2, 37, 10], [11, 2, 16, 27]]",0.660377358490566,0.660377358490566,0.660377358490566,0.8113207547169812,0.7543859649122807,0.8775510204081632,0.6666666666666666,0.7115384615384616,0.6271186440677966,0.47787610619469023,0.48214285714285715,0.47368421052631576,"{""artifactspred__replacement_strategy"": ""keep_exception_names"", ""decamelcase__decamlecase"": false, ""tfidf__use_idf"": true, ""vect__stemming"": true, ""vect__stop_words"": ""english""}",LogisticRegression(random_state=42)
0,27,0.6671388122444852,0.6715606763714493,0.6477880493890346,0.6451612903225806,0.6451612903225806,0.650647779012265,0.6513040491816495,"[[37, 1, 5, 6], [7, 39, 2, 10], [4, 1, 34, 16], [10, 1, 14, 30]]",0.6915887850467289,0.7551020408163265,0.6379310344827587,0.78,0.6724137931034483,0.9285714285714286,0.6181818181818182,0.6181818181818182,0.6181818181818182,0.5128205128205128,0.5454545454545454,0.4838709677419355,"{""artifactspred__replacement_strategy"": ""keep_exception_names"", ""decamelcase__decamlecase"": false, ""tfidf__use_idf"": true, ""vect__stemming"": true, ""vect__stop_words"": ""english""}",LogisticRegression(random_state=42)
0,28,0.6719172562893081,0.6708122531812197,0.6621103257589034,0.6604651162790698,0.6604651162790698,0.6651126651126651,0.663750203285087,"[[35, 5, 6, 11], [5, 38, 2, 6], [3, 1, 36, 14], [10, 4, 6, 33]]",0.6363636363636364,0.6140350877192983,0.660377358490566,0.7676767676767677,0.7450980392156863,0.7916666666666666,0.6923076923076923,0.6666666666666666,0.72,0.564102564102564,0.6226415094339622,0.515625,"{""artifactspred__replacement_strategy"": ""keep_exception_names"", ""decamelcase__decamlecase"": false, ""tfidf__use_idf"": true, ""vect__stemming"": true, ""vect__stop_words"": ""english""}",LogisticRegression(random_state=42)
0,29,0.6657390843437355,0.6593743975886458,0.6608725689471581,0.6561085972850679,0.6561085972850679,0.6586113359543633,0.6530645888185204,"[[35, 3, 5, 10], [6, 35, 2, 8], [2, 1, 46, 7], [9, 4, 19, 29]]",0.6666666666666667,0.660377358490566,0.6730769230769231,0.7446808510638299,0.6862745098039216,0.813953488372093,0.7187499999999999,0.8214285714285714,0.6388888888888888,0.5043478260869565,0.47540983606557374,0.5370370370370371,"{""artifactspred__replacement_strategy"": ""keep_exception_names"", ""decamelcase__decamlecase"": false, ""tfidf__use_idf"": true, ""vect__stemming"": true, ""vect__stop_words"": ""english""}",LogisticRegression(random_state=42)
0,30,0.6645530939648587,0.6636201588073246,0.6647750201775625,0.6623376623376623,0.6623376623376623,0.6615027342160085,0.6598827072318806,"[[40, 4, 4, 12], [7, 39, 2, 8], [1, 2, 46, 7], [7, 6, 18, 28]]",0.6956521739130435,0.6666666666666666,0.7272727272727273,0.7289719626168223,0.6964285714285714,0.7647058823529411,0.73015873015873,0.8214285714285714,0.6571428571428571,0.49122807017543857,0.4745762711864407,0.509090909090909,"{""artifactspred__replacement_strategy"": ""keep_exception_names"", ""decamelcase__decamlecase"": false, ""tfidf__use_idf"": true, ""vect__stemming"": true, ""vect__stop_words"": ""english""}",LogisticRegression(random_state=42)
0,31,0.6097106730983015,0.6098889336736603,0.5941187592327748,0.591304347826087,0.591304347826087,0.5969064311907524,0.5955208063484305,"[[34, 6, 4, 18], [9, 34, 3, 10], [2, 1, 38, 13], [5, 6, 17, 30]]",0.6071428571428571,0.5483870967741935,0.68,0.6601941747572816,0.6071428571428571,0.723404255319149,0.6551724137931035,0.7037037037037037,0.6129032258064516,0.46511627906976744,0.5172413793103449,0.4225352112676056,"{""artifactspred__replacement_strategy"": ""keep_exception_names"", ""decamelcase__decamlecase"": false, ""tfidf__use_idf"": true, ""vect__stemming"": true, ""vect__stop_words"": ""english""}",LogisticRegression(random_state=42)
0,32,0.6864488504633951,0.6890023442470133,0.6797175620410818,0.6801801801801802,0.6801801801801802,0.6812191756373814,0.6827024430940349,"[[41, 2, 3, 10], [6, 44, 0, 5], [3, 3, 36, 16], [7, 6, 10, 30]]",0.7256637168141592,0.7321428571428571,0.7192982456140351,0.8000000000000002,0.8,0.8,0.6728971962616822,0.6206896551724138,0.7346938775510204,0.5263157894736842,0.5660377358490566,0.4918032786885246,"{""artifactspred__replacement_strategy"": ""keep_exception_names"", ""decamelcase__decamlecase"": false, ""tfidf__use_idf"": true, ""vect__stemming"": true, ""vect__stop_words"": ""english""}",LogisticRegression(random_state=42)
0,33,0.6344517411433173,0.6318761277533357,0.6455121896352951,0.6383928571428571,0.6383928571428571,0.6359696357564878,0.6309666393336295,"[[38, 6, 2, 9], [7, 41, 3, 4], [2, 4, 39, 8], [7, 13, 16, 25]]",0.6972477064220184,0.6909090909090909,0.7037037037037037,0.6890756302521008,0.7454545454545455,0.640625,0.6902654867256638,0.7358490566037735,0.65,0.4672897196261682,0.4098360655737705,0.5434782608695652,"{""artifactspred__replacement_strategy"": ""keep_exception_names"", ""decamelcase__decamlecase"": false, ""tfidf__use_idf"": true, ""vect__stemming"": true, ""vect__stop_words"": ""english""}",LogisticRegression(random_state=42)
0,34,0.6442119155354449,0.6453127045210607,0.6413088920164393,0.6401869158878505,0.6401869158878505,0.63754245468163,0.6375112397103919,"[[31, 13, 5, 6], [4, 41, 1, 6], [2, 2, 38, 12], [5, 9, 12, 27]]",0.6391752577319588,0.5636363636363636,0.7380952380952381,0.7008547008547009,0.7884615384615384,0.6307692307692307,0.6909090909090909,0.7037037037037037,0.6785714285714286,0.5192307692307693,0.5094339622641509,0.5294117647058824,"{""artifactspred__replacement_strategy"": ""keep_exception_names"", ""decamelcase__decamlecase"": false, ""tfidf__use_idf"": true, ""vect__stemming"": true, ""vect__stop_words"": ""english""}",LogisticRegression(random_state=42)
0,35,0.6690194292653309,0.6695084607058948,0.6668019568370241,0.6652173913043479,0.6652173913043479,0.6664738538739852,0.665947783800942,"[[37, 6, 3, 13], [7, 42, 5, 5], [0, 3, 41, 10], [10, 3, 12, 33]]",0.6548672566371682,0.6271186440677966,0.6851851851851852,0.7433628318584071,0.711864406779661,0.7777777777777778,0.7130434782608696,0.7592592592592593,0.6721311475409836,0.5546218487394958,0.5689655172413793,0.5409836065573771,"{""artifactspred__replacement_strategy"": ""keep_exception_names"", ""decamelcase__decamlecase"": false, ""tfidf__use_idf"": true, ""vect__stemming"": true, ""vect__stop_words"": ""english""}",LogisticRegression(random_state=42)
0,36,0.6682197408724172,0.6663439985740575,0.6663849447825106,0.663594470046083,0.663594470046083,0.6650674815380697,0.6627912396630207,"[[32, 7, 4, 11], [5, 37, 3, 9], [1, 4, 40, 6], [8, 3, 12, 35]]",0.6399999999999999,0.5925925925925926,0.6956521739130435,0.7047619047619048,0.6851851851851852,0.7254901960784313,0.7272727272727273,0.7843137254901961,0.6779661016949152,0.588235294117647,0.603448275862069,0.5737704918032787,"{""artifactspred__replacement_strategy"": ""keep_exception_names"", ""decamelcase__decamlecase"": false, ""tfidf__use_idf"": true, ""vect__stemming"": true, ""vect__stop_words"": ""english""}",LogisticRegression(random_state=42)
0,37,0.6690121914696237,0.6689117096848343,0.6513594164456233,0.6486486486486487,0.6486486486486487,0.6536024878270867,0.6519507909882242,"[[34, 5, 5, 14], [2, 40, 2, 8], [2, 5, 39, 10], [3, 3, 19, 31]]",0.6868686868686867,0.5862068965517241,0.8292682926829268,0.7619047619047619,0.7692307692307693,0.7547169811320755,0.6446280991735538,0.6964285714285714,0.6,0.5210084033613446,0.5535714285714286,0.49206349206349204,"{""artifactspred__replacement_strategy"": ""keep_exception_names"", ""decamelcase__decamlecase"": false, ""tfidf__use_idf"": true, ""vect__stemming"": true, ""vect__stop_words"": ""english""}",LogisticRegression(random_state=42)
0,38,0.6738567945464496,0.6763413659965384,0.6824592074592075,0.6846846846846847,0.6846846846846847,0.6759251926934854,0.678318760635834,"[[38, 8, 3, 6], [4, 50, 0, 6], [2, 2, 40, 8], [13, 3, 15, 24]]",0.6785714285714286,0.6909090909090909,0.6666666666666666,0.8130081300813008,0.8333333333333334,0.7936507936507936,0.7272727272727274,0.7692307692307693,0.6896551724137931,0.48484848484848486,0.43636363636363634,0.5454545454545454,"{""artifactspred__replacement_strategy"": ""keep_exception_names"", ""decamelcase__decamlecase"": false, ""tfidf__use_idf"": true, ""vect__stemming"": true, ""vect__stop_words"": ""english""}",LogisticRegression(random_state=42)
0,39,0.6669055333998006,0.6694559179604045,0.6688586545729402,0.6682027649769585,0.6682027649769585,0.665826330532213,0.6669145077385793,"[[42, 6, 3, 9], [6, 41, 3, 4], [2, 2, 36, 9], [9, 2, 17, 26]]",0.7058823529411764,0.7,0.711864406779661,0.780952380952381,0.7592592592592593,0.803921568627451,0.6666666666666667,0.7346938775510204,0.6101694915254238,0.5098039215686274,0.48148148148148145,0.5416666666666666,"{""artifactspred__replacement_strategy"": ""keep_exception_names"", ""decamelcase__decamlecase"": false, ""tfidf__use_idf"": true, ""vect__stemming"": true, ""vect__stop_words"": ""english""}",LogisticRegression(random_state=42)
0,40,0.6923199837328299,0.6892035709779377,0.7063537675606641,0.6991150442477876,0.6991150442477876,0.6953456609920693,0.6901134743699053,"[[41, 6, 3, 8], [2, 45, 2, 5], [1, 0, 46, 7], [14, 6, 14, 26]]",0.7068965517241379,0.7068965517241379,0.7068965517241379,0.8108108108108109,0.8333333333333334,0.7894736842105263,0.7731092436974791,0.8518518518518519,0.7076923076923077,0.49056603773584906,0.43333333333333335,0.5652173913043478,"{""artifactspred__replacement_strategy"": ""keep_exception_names"", ""decamelcase__decamlecase"": false, ""tfidf__use_idf"": true, ""vect__stemming"": true, ""vect__stop_words"": ""english""}",LogisticRegression(random_state=42)
0,41,0.6268347840928487,0.6286781208622904,0.6307591896407686,0.6299559471365639,0.6299559471365639,0.6260311796440253,0.6265726288393274,"[[39, 3, 4, 10], [11, 41, 3, 5], [2, 4, 39, 9], [10, 6, 17, 24]]",0.6610169491525423,0.6964285714285714,0.6290322580645161,0.7192982456140351,0.6833333333333333,0.7592592592592593,0.6666666666666666,0.7222222222222222,0.6190476190476191,0.45714285714285713,0.42105263157894735,0.5,"{""artifactspred__replacement_strategy"": ""keep_exception_names"", ""decamelcase__decamlecase"": false, ""tfidf__use_idf"": true, ""vect__stemming"": true, ""vect__stop_words"": ""english""}",LogisticRegression(random_state=42)
0,42,0.6921824469205567,0.6897837299350721,0.6864494209662086,0.6860986547085202,0.6860986547085202,0.6878035277121776,0.6864263376523848,"[[37, 3, 5, 12], [9, 39, 0, 4], [1, 1, 46, 10], [6, 4, 15, 31]]",0.6727272727272728,0.6491228070175439,0.6981132075471698,0.787878787878788,0.75,0.8297872340425532,0.7419354838709677,0.7931034482758621,0.696969696969697,0.5486725663716814,0.5535714285714286,0.543859649122807,"{""artifactspred__replacement_strategy"": ""keep_exception_names"", ""decamelcase__decamlecase"": false, ""tfidf__use_idf"": true, ""vect__stemming"": true, ""vect__stop_words"": ""english""}",LogisticRegression(random_state=42)
0,43,0.6641967935446196,0.660535480666511,0.6662219265681139,0.6621004566210046,0.6621004566210046,0.6605877879182964,0.6566900632839803,"[[43, 3, 4, 7], [6, 36, 1, 8], [3, 3, 41, 6], [11, 3, 19, 25]]",0.7166666666666668,0.7543859649122807,0.6825396825396826,0.7500000000000001,0.7058823529411765,0.8,0.6949152542372882,0.7735849056603774,0.6307692307692307,0.4807692307692307,0.43103448275862066,0.5434782608695652,"{""artifactspred__replacement_strategy"": ""keep_exception_names"", ""decamelcase__decamlecase"": false, ""tfidf__use_idf"": true, ""vect__stemming"": true, ""vect__stop_words"": ""english""}",LogisticRegression(random_state=42)
0,44,0.6198875547932151,0.6155299626997741,0.6199221564460458,0.6175115207373272,0.6175115207373272,0.6184389488822032,0.615021670816237,"[[34, 4, 3, 12], [10, 32, 2, 5], [2, 3, 42, 10], [7, 6, 19, 26]]",0.6415094339622641,0.6415094339622641,0.6415094339622641,0.6808510638297872,0.6530612244897959,0.7111111111111111,0.6829268292682926,0.7368421052631579,0.6363636363636364,0.46846846846846846,0.4482758620689655,0.49056603773584906,"{""artifactspred__replacement_strategy"": ""keep_exception_names"", ""decamelcase__decamlecase"": false, ""tfidf__use_idf"": true, ""vect__stemming"": true, ""vect__stop_words"": ""english""}",LogisticRegression(random_state=42)
0,45,0.6811181927178646,0.6823487433403349,0.666025641025641,0.6651785714285714,0.6651785714285714,0.670637727231655,0.6707957706543028,"[[38, 3, 2, 14], [8, 38, 0, 6], [2, 2, 40, 16], [5, 7, 10, 33]]",0.6909090909090909,0.6666666666666666,0.7169811320754716,0.7450980392156863,0.7307692307692307,0.76,0.7142857142857142,0.6666666666666666,0.7692307692307693,0.532258064516129,0.6,0.4782608695652174,"{""artifactspred__replacement_strategy"": ""keep_exception_names"", ""decamelcase__decamlecase"": false, ""tfidf__use_idf"": true, ""vect__stemming"": true, ""vect__stop_words"": ""english""}",LogisticRegression(random_state=42)
0,46,0.6574190294635436,0.6680247228416534,0.6466915952878347,0.6493506493506493,0.6493506493506493,0.6482419611262116,0.654573691461737,"[[42, 3, 1, 11], [6, 38, 1, 8], [6, 3, 45, 15], [13, 5, 9, 25]]",0.6774193548387096,0.7368421052631579,0.6268656716417911,0.7450980392156863,0.7169811320754716,0.7755102040816326,0.7200000000000001,0.6521739130434783,0.8035714285714286,0.45045045045045046,0.4807692307692308,0.423728813559322,"{""artifactspred__replacement_strategy"": ""keep_exception_names"", ""decamelcase__decamlecase"": false, ""tfidf__use_idf"": true, ""vect__stemming"": true, ""vect__stop_words"": ""english""}",LogisticRegression(random_state=42)
0,47,0.6769833269329237,0.6796862795829103,0.6778174249182278,0.6779661016949152,0.6779661016949152,0.6755743585992983,0.6769497189476191,"[[42, 6, 5, 10], [4, 43, 4, 8], [1, 1, 46, 9], [7, 12, 9, 29]]",0.717948717948718,0.6666666666666666,0.7777777777777778,0.7107438016528926,0.7288135593220338,0.6935483870967742,0.7603305785123967,0.8070175438596491,0.71875,0.5132743362831859,0.5087719298245614,0.5178571428571429,"{""artifactspred__replacement_strategy"": ""keep_exception_names"", ""decamelcase__decamlecase"": false, ""tfidf__use_idf"": true, ""vect__stemming"": true, ""vect__stop_words"": ""english""}",LogisticRegression(random_state=42)
0,48,0.7123005637012404,0.7047819604142515,0.6881104608616806,0.6899563318777293,0.6899563318777293,0.6924647417571946,0.6897275881497683,"[[46, 1, 4, 11], [8, 36, 1, 4], [2, 1, 50, 8], [2, 1, 28, 26]]",0.7666666666666667,0.7419354838709677,0.7931034482758621,0.8181818181818182,0.7346938775510204,0.9230769230769231,0.6944444444444445,0.819672131147541,0.6024096385542169,0.49056603773584906,0.45614035087719296,0.5306122448979592,"{""artifactspred__replacement_strategy"": ""keep_exception_names"", ""decamelcase__decamlecase"": false, ""tfidf__use_idf"": true, ""vect__stemming"": true, ""vect__stop_words"": ""english""}",LogisticRegression(random_state=42)
0,49,0.7053645598408085,0.7064742535499666,0.6963810289005885,0.6995305164319249,0.6995305164319249,0.6987609040444093,0.7008139824939592,"[[45, 3, 3, 7], [9, 38, 2, 2], [3, 2, 37, 13], [10, 3, 7, 29]]",0.7200000000000001,0.7758620689655172,0.6716417910447762,0.7835051546391751,0.7450980392156863,0.8260869565217391,0.7115384615384616,0.6727272727272727,0.7551020408163265,0.58,0.5918367346938775,0.5686274509803921,"{""artifactspred__replacement_strategy"": ""keep_exception_names"", ""decamelcase__decamlecase"": false, ""tfidf__use_idf"": true, ""vect__stemming"": true, ""vect__stop_words"": ""english""}",LogisticRegression(random_state=42)
0,50,0.6448161543098252,0.6455491238849863,0.6416027908805031,0.6329113924050633,0.6329113924050633,0.6338940480619641,0.6304605760131161,"[[40, 1, 7, 12], [8, 43, 2, 7], [2, 2, 42, 7], [6, 5, 28, 25]]",0.689655172413793,0.6666666666666666,0.7142857142857143,0.7747747747747747,0.7166666666666667,0.8431372549019608,0.6363636363636364,0.7924528301886793,0.5316455696202531,0.4347826086956521,0.390625,0.49019607843137253,"{""artifactspred__replacement_strategy"": ""keep_exception_names"", ""decamelcase__decamlecase"": false, ""tfidf__use_idf"": true, ""vect__stemming"": true, ""vect__stop_words"": ""english""}",LogisticRegression(random_state=42)
0,51,0.6858178290696745,0.6849011147824309,0.6945737283919226,0.6877828054298643,0.6877828054298643,0.6866437837676777,0.6828397390084011,"[[40, 7, 4, 7], [3, 41, 2, 7], [1, 2, 42, 6], [9, 7, 14, 29]]",0.7207207207207208,0.6896551724137931,0.7547169811320755,0.7454545454545455,0.7735849056603774,0.7192982456140351,0.743362831858407,0.8235294117647058,0.6774193548387096,0.5370370370370371,0.4915254237288136,0.5918367346938775,"{""artifactspred__replacement_strategy"": ""keep_exception_names"", ""decamelcase__decamlecase"": false, ""tfidf__use_idf"": true, ""vect__stemming"": true, ""vect__stop_words"": ""english""}",LogisticRegression(random_state=42)
0,52,0.6602787990196078,0.662936673506612,0.6532610113010722,0.6511627906976745,0.6511627906976745,0.6534285483511437,0.6537062067616228,"[[39, 6, 8, 5], [3, 37, 1, 9], [4, 4, 31, 17], [4, 4, 10, 33]]",0.7222222222222223,0.6724137931034483,0.78,0.7326732673267328,0.74,0.7254901960784313,0.5849056603773586,0.5535714285714286,0.62,0.573913043478261,0.6470588235294118,0.515625,"{""artifactspred__replacement_strategy"": ""keep_exception_names"", ""decamelcase__decamlecase"": false, ""tfidf__use_idf"": true, ""vect__stemming"": true, ""vect__stop_words"": ""english""}",LogisticRegression(random_state=42)
0,53,0.6588592693855851,0.6576440402780446,0.6525554391258513,0.6543778801843319,0.6543778801843319,0.6543694689447871,0.6547740682119053,"[[39, 3, 2, 9], [6, 32, 2, 9], [2, 5, 44, 10], [10, 2, 15, 27]]",0.709090909090909,0.7358490566037735,0.6842105263157895,0.7032967032967032,0.6530612244897959,0.7619047619047619,0.7096774193548387,0.7213114754098361,0.6984126984126984,0.4954128440366972,0.5,0.4909090909090909,"{""artifactspred__replacement_strategy"": ""keep_exception_names"", ""decamelcase__decamlecase"": false, ""tfidf__use_idf"": true, ""vect__stemming"": true, ""vect__stop_words"": ""english""}",LogisticRegression(random_state=42)
0,54,0.6921884203596549,0.6933084375044113,0.6880610617452723,0.6888888888888889,0.6888888888888889,0.688684507030396,0.6896410927035699,"[[40, 3, 7, 6], [8, 39, 2, 8], [0, 2, 44, 11], [9, 5, 9, 32]]",0.7079646017699114,0.7142857142857143,0.7017543859649122,0.7358490566037734,0.6842105263157895,0.7959183673469388,0.7394957983193277,0.7719298245614035,0.7096774193548387,0.5714285714285714,0.5818181818181818,0.5614035087719298,"{""artifactspred__replacement_strategy"": ""keep_exception_names"", ""decamelcase__decamlecase"": false, ""tfidf__use_idf"": true, ""vect__stemming"": true, ""vect__stop_words"": ""english""}",LogisticRegression(random_state=42)
0,55,0.6499797755081403,0.6591439395899131,0.6307649964113232,0.6325581395348837,0.6325581395348837,0.6330846791619784,0.6387210327386647,"[[40, 3, 4, 6], [10, 32, 2, 11], [2, 1, 38, 19], [6, 4, 11, 26]]",0.7207207207207208,0.7547169811320755,0.6896551724137931,0.6736842105263158,0.5818181818181818,0.8,0.6608695652173913,0.6333333333333333,0.6909090909090909,0.47706422018348627,0.5531914893617021,0.41935483870967744,"{""artifactspred__replacement_strategy"": ""keep_exception_names"", ""decamelcase__decamlecase"": false, ""tfidf__use_idf"": true, ""vect__stemming"": true, ""vect__stop_words"": ""english""}",LogisticRegression(random_state=42)
0,56,0.7047619047619047,0.7095853588072,0.6857969616590306,0.6860986547085202,0.6860986547085202,0.6904088286790182,0.6931230269733366,"[[37, 4, 2, 15], [6, 42, 0, 10], [1, 3, 40, 11], [7, 2, 9, 34]]",0.6788990825688075,0.6379310344827587,0.7254901960784313,0.7706422018348623,0.7241379310344828,0.8235294117647058,0.7547169811320754,0.7272727272727273,0.7843137254901961,0.5573770491803278,0.6538461538461539,0.4857142857142857,"{""artifactspred__replacement_strategy"": ""keep_exception_names"", ""decamelcase__decamlecase"": false, ""tfidf__use_idf"": true, ""vect__stemming"": true, ""vect__stop_words"": ""english""}",LogisticRegression(random_state=42)
0,57,0.699035169623405,0.6946052495072103,0.692628403342689,0.6904761904761905,0.6904761904761905,0.6933271131384339,0.69007533347156,"[[42, 3, 4, 5], [4, 36, 1, 8], [4, 1, 38, 9], [13, 2, 11, 29]]",0.717948717948718,0.7777777777777778,0.6666666666666666,0.7912087912087913,0.7346938775510204,0.8571428571428571,0.7169811320754716,0.7307692307692307,0.7037037037037037,0.5471698113207548,0.5272727272727272,0.5686274509803921,"{""artifactspred__replacement_strategy"": ""keep_exception_names"", ""decamelcase__decamlecase"": false, ""tfidf__use_idf"": true, ""vect__stemming"": true, ""vect__stop_words"": ""english""}",LogisticRegression(random_state=42)
0,58,0.6230068821527993,0.6298887537609312,0.6115441253604351,0.6136363636363636,0.6136363636363636,0.614818843457397,0.6192818305479583,"[[35, 7, 2, 7], [6, 41, 2, 10], [3, 0, 35, 20], [12, 5, 11, 24]]",0.6542056074766356,0.6862745098039216,0.625,0.7321428571428573,0.6949152542372882,0.7735849056603774,0.6481481481481481,0.603448275862069,0.7,0.42477876106194695,0.46153846153846156,0.39344262295081966,"{""artifactspred__replacement_strategy"": ""keep_exception_names"", ""decamelcase__decamlecase"": false, ""tfidf__use_idf"": true, ""vect__stemming"": true, ""vect__stop_words"": ""english""}",LogisticRegression(random_state=42)
0,59,0.6446407799530767,0.6430291218330786,0.6479801035154937,0.6460176991150443,0.6460176991150443,0.6459185705296595,0.6441243527561131,"[[38, 5, 4, 10], [6, 40, 1, 7], [5, 4, 40, 8], [11, 6, 13, 28]]",0.6495726495726496,0.6666666666666666,0.6333333333333333,0.7339449541284404,0.7407407407407407,0.7272727272727273,0.6956521739130435,0.7017543859649122,0.6896551724137931,0.5045045045045045,0.4827586206896552,0.5283018867924528,"{""artifactspred__replacement_strategy"": ""keep_exception_names"", ""decamelcase__decamlecase"": false, ""tfidf__use_idf"": true, ""vect__stemming"": true, ""vect__stop_words"": ""english""}",LogisticRegression(random_state=42)
0,60,0.6446613652847254,0.6478379159810612,0.6419266215076896,0.6409090909090909,0.6409090909090909,0.6400955800857423,0.6410775350765513,"[[41, 2, 3, 7], [5, 39, 5, 10], [4, 4, 35, 10], [11, 3, 15, 26]]",0.719298245614035,0.7735849056603774,0.6721311475409836,0.7289719626168225,0.6610169491525424,0.8125,0.6306306306306305,0.660377358490566,0.603448275862069,0.48148148148148145,0.4727272727272727,0.49056603773584906,"{""artifactspred__replacement_strategy"": ""keep_exception_names"", ""decamelcase__decamlecase"": false, ""tfidf__use_idf"": true, ""vect__stemming"": true, ""vect__stop_words"": ""english""}",LogisticRegression(random_state=42)
0,61,0.6883820770436784,0.6903555243581242,0.6835525152521101,0.6853448275862069,0.6853448275862069,0.6852248669150239,0.6871139105867351,"[[43, 4, 4, 8], [6, 42, 3, 6], [4, 1, 43, 13], [10, 5, 9, 31]]",0.7049180327868851,0.7288135593220338,0.6825396825396826,0.7706422018348624,0.7368421052631579,0.8076923076923077,0.7166666666666666,0.7049180327868853,0.7288135593220338,0.5486725663716814,0.5636363636363636,0.5344827586206896,"{""artifactspred__replacement_strategy"": ""keep_exception_names"", ""decamelcase__decamlecase"": false, ""tfidf__use_idf"": true, ""vect__stemming"": true, ""vect__stop_words"": ""english""}",LogisticRegression(random_state=42)
0,62,0.629957054957055,0.6274085778736941,0.6357399717131593,0.6325581395348837,0.6325581395348837,0.6257638215313756,0.6227081542071764,"[[31, 8, 5, 9], [5, 35, 3, 7], [1, 2, 47, 5], [8, 7, 19, 23]]",0.6326530612244898,0.5849056603773585,0.6888888888888889,0.6862745098039216,0.7,0.6730769230769231,0.7286821705426355,0.8545454545454545,0.6351351351351351,0.4554455445544554,0.40350877192982454,0.5227272727272727,"{""artifactspred__replacement_strategy"": ""keep_exception_names"", ""decamelcase__decamlecase"": false, ""tfidf__use_idf"": true, ""vect__stemming"": true, ""vect__stop_words"": ""english""}",LogisticRegression(random_state=42)
0,63,0.6466372779519332,0.6462277363570468,0.6468132165748849,0.6441441441441441,0.6441441441441441,0.6431552396718072,0.6415954851923531,"[[40, 6, 1, 8], [5, 40, 4, 4], [4, 4, 37, 12], [17, 8, 6, 26]]",0.6611570247933883,0.7272727272727273,0.6060606060606061,0.7207207207207208,0.7547169811320755,0.6896551724137931,0.7047619047619048,0.6491228070175439,0.7708333333333334,0.48598130841121495,0.45614035087719296,0.52,"{""artifactspred__replacement_strategy"": ""keep_exception_names"", ""decamelcase__decamlecase"": false, ""tfidf__use_idf"": true, ""vect__stemming"": true, ""vect__stop_words"": ""english""}",LogisticRegression(random_state=42)
0,64,0.6862027691511388,0.6889885532897269,0.6771177000882621,0.6769911504424779,0.6769911504424779,0.6778284803708532,0.6790850567361741,"[[36, 9, 3, 11], [4, 43, 2, 8], [2, 3, 40, 11], [4, 5, 11, 34]]",0.6857142857142858,0.6101694915254238,0.782608695652174,0.735042735042735,0.7543859649122807,0.7166666666666667,0.7142857142857143,0.7142857142857143,0.7142857142857143,0.5762711864406779,0.6296296296296297,0.53125,"{""artifactspred__replacement_strategy"": ""keep_exception_names"", ""decamelcase__decamlecase"": false, ""tfidf__use_idf"": true, ""vect__stemming"": true, ""vect__stop_words"": ""english""}",LogisticRegression(random_state=42)
0,65,0.6538015329183355,0.653535273921801,0.6572598134894818,0.6533333333333333,0.6533333333333333,0.6512619806122589,0.6493239934310773,"[[37, 6, 5, 9], [4, 39, 6, 8], [1, 1, 44, 7], [11, 6, 14, 27]]",0.6727272727272728,0.6491228070175439,0.6981132075471698,0.7155963302752295,0.6842105263157895,0.75,0.7213114754098361,0.8301886792452831,0.6376811594202898,0.4954128440366972,0.46551724137931033,0.5294117647058824,"{""artifactspred__replacement_strategy"": ""keep_exception_names"", ""decamelcase__decamlecase"": false, ""tfidf__use_idf"": true, ""vect__stemming"": true, ""vect__stop_words"": ""english""}",LogisticRegression(random_state=42)
0,66,0.636609155871451,0.6416165361168005,0.6153055071376818,0.6175115207373272,0.6175115207373272,0.62192131706987,0.6253934142284825,"[[37, 0, 3, 13], [6, 37, 2, 12], [2, 1, 38, 14], [7, 6, 17, 22]]",0.7047619047619047,0.6981132075471698,0.7115384615384616,0.7326732673267327,0.6491228070175439,0.8409090909090909,0.6608695652173913,0.6909090909090909,0.6333333333333333,0.3893805309734513,0.4230769230769231,0.36065573770491804,"{""artifactspred__replacement_strategy"": ""keep_exception_names"", ""decamelcase__decamlecase"": false, ""tfidf__use_idf"": true, ""vect__stemming"": true, ""vect__stop_words"": ""english""}",LogisticRegression(random_state=42)
0,67,0.6558550560837061,0.6578958277809214,0.6509087926233948,0.6506550218340611,0.6506550218340611,0.6502749703134151,0.6511859746375238,"[[37, 5, 6, 11], [1, 46, 3, 8], [3, 1, 40, 11], [8, 5, 18, 26]]",0.6851851851851852,0.6271186440677966,0.7551020408163265,0.8,0.7931034482758621,0.8070175438596491,0.6557377049180327,0.7272727272727273,0.5970149253731343,0.46017699115044247,0.45614035087719296,0.4642857142857143,"{""artifactspred__replacement_strategy"": ""keep_exception_names"", ""decamelcase__decamlecase"": false, ""tfidf__use_idf"": true, ""vect__stemming"": true, ""vect__stop_words"": ""english""}",LogisticRegression(random_state=42)
0,68,0.647241229499294,0.6541915010798824,0.6418859389198373,0.6460176991150443,0.6460176991150443,0.6431382193802262,0.6486606682946717,"[[39, 3, 7, 10], [7, 43, 0, 10], [2, 4, 39, 10], [7, 4, 16, 25]]",0.6842105263157895,0.6610169491525424,0.7090909090909091,0.7543859649122806,0.7166666666666667,0.7962962962962963,0.6666666666666666,0.7090909090909091,0.6290322580645161,0.4672897196261683,0.4807692307692308,0.45454545454545453,"{""artifactspred__replacement_strategy"": ""keep_exception_names"", ""decamelcase__decamlecase"": false, ""tfidf__use_idf"": true, ""vect__stemming"": true, ""vect__stop_words"": ""english""}",LogisticRegression(random_state=42)
0,69,0.6668622338113863,0.6648072001396642,0.663594470046083,0.6623931623931624,0.6623931623931624,0.6643088128852431,0.6627091850979511,"[[45, 3, 4, 10], [8, 40, 1, 7], [2, 2, 40, 12], [10, 5, 15, 30]]",0.7086614173228347,0.7258064516129032,0.6923076923076923,0.7547169811320756,0.7142857142857143,0.8,0.689655172413793,0.7142857142857143,0.6666666666666666,0.5042016806722689,0.5,0.5084745762711864,"{""artifactspred__replacement_strategy"": ""keep_exception_names"", ""decamelcase__decamlecase"": false, ""tfidf__use_idf"": true, ""vect__stemming"": true, ""vect__stop_words"": ""english""}",LogisticRegression(random_state=42)
0,70,0.6383106523661246,0.6422216242306198,0.6316471790736498,0.6342592592592593,0.6342592592592593,0.6326080352779981,0.6358028976915286,"[[36, 4, 5, 10], [7, 37, 3, 9], [3, 2, 40, 9], [12, 3, 12, 24]]",0.6371681415929203,0.6545454545454545,0.6206896551724138,0.7254901960784315,0.6607142857142857,0.8043478260869565,0.7017543859649122,0.7407407407407407,0.6666666666666666,0.46601941747572817,0.47058823529411764,0.46153846153846156,"{""artifactspred__replacement_strategy"": ""keep_exception_names"", ""decamelcase__decamlecase"": false, ""tfidf__use_idf"": true, ""vect__stemming"": true, ""vect__stop_words"": ""english""}",LogisticRegression(random_state=42)
0,71,0.6299729821006417,0.6323545808428227,0.6346796542125744,0.6363636363636364,0.6363636363636364,0.6308208154414415,0.6329532753406276,"[[31, 9, 6, 5], [5, 36, 1, 5], [1, 5, 43, 12], [10, 4, 13, 23]]",0.6326530612244897,0.6078431372549019,0.6595744680851063,0.7128712871287127,0.7659574468085106,0.6666666666666666,0.6935483870967742,0.7049180327868853,0.6825396825396826,0.4842105263157895,0.46,0.5111111111111111,"{""artifactspred__replacement_strategy"": ""keep_exception_names"", ""decamelcase__decamlecase"": false, ""tfidf__use_idf"": true, ""vect__stemming"": true, ""vect__stop_words"": ""english""}",LogisticRegression(random_state=42)
0,72,0.6666332799145299,0.6691135847385847,0.6480740284619594,0.6486486486486487,0.6486486486486487,0.6519576977431129,0.6533874820770533,"[[41, 3, 2, 10], [10, 37, 1, 10], [5, 1, 35, 13], [9, 4, 10, 31]]",0.6776859504132231,0.7321428571428571,0.6307692307692307,0.7184466019417477,0.6379310344827587,0.8222222222222222,0.6862745098039215,0.6481481481481481,0.7291666666666666,0.5254237288135594,0.5740740740740741,0.484375,"{""artifactspred__replacement_strategy"": ""keep_exception_names"", ""decamelcase__decamlecase"": false, ""tfidf__use_idf"": true, ""vect__stemming"": true, ""vect__stop_words"": ""english""}",LogisticRegression(random_state=42)
0,73,0.6766848816029143,0.6757226577967846,0.6751881621792646,0.6739130434782609,0.6739130434782609,0.675210168960169,0.6740984247505987,"[[39, 5, 4, 10], [8, 39, 2, 8], [0, 4, 43, 9], [7, 6, 12, 34]]",0.6964285714285714,0.6724137931034483,0.7222222222222222,0.7027027027027027,0.6842105263157895,0.7222222222222222,0.7350427350427351,0.7678571428571429,0.7049180327868853,0.5666666666666667,0.576271186440678,0.5573770491803278,"{""artifactspred__replacement_strategy"": ""keep_exception_names"", ""decamelcase__decamlecase"": false, ""tfidf__use_idf"": true, ""vect__stemming"": true, ""vect__stop_words"": ""english""}",LogisticRegression(random_state=42)
0,74,0.6731351981351981,0.6748016557433597,0.6708574304652815,0.6681614349775785,0.6681614349775785,0.6664380619529453,0.665790645750168,"[[43, 3, 2, 7], [10, 36, 5, 8], [2, 2, 41, 8], [11, 4, 12, 29]]",0.7107438016528926,0.7818181818181819,0.6515151515151515,0.6923076923076924,0.6101694915254238,0.8,0.7256637168141593,0.7735849056603774,0.6833333333333333,0.537037037037037,0.5178571428571429,0.5576923076923077,"{""artifactspred__replacement_strategy"": ""keep_exception_names"", ""decamelcase__decamlecase"": false, ""tfidf__use_idf"": true, ""vect__stemming"": true, ""vect__stop_words"": ""english""}",LogisticRegression(random_state=42)
0,75,0.6802877794316826,0.6801276819861682,0.6728448275862069,0.6738197424892703,0.6738197424892703,0.6746487755759961,0.6750581567400395,"[[47, 4, 3, 6], [7, 39, 1, 11], [3, 3, 38, 13], [10, 7, 8, 33]]",0.7401574803149608,0.7833333333333333,0.7014925373134329,0.7027027027027026,0.6724137931034483,0.7358490566037735,0.7102803738317756,0.6666666666666666,0.76,0.5454545454545455,0.5689655172413793,0.5238095238095238,"{""artifactspred__replacement_strategy"": ""keep_exception_names"", ""decamelcase__decamlecase"": false, ""tfidf__use_idf"": true, ""vect__stemming"": true, ""vect__stop_words"": ""english""}",LogisticRegression(random_state=42)
0,76,0.6631252354817467,0.6621951062008038,0.678295607900871,0.6742081447963801,0.6742081447963801,0.6665179111572034,0.6640221848895917,"[[39, 6, 3, 9], [3, 47, 1, 4], [2, 1, 41, 8], [11, 7, 17, 22]]",0.6964285714285715,0.6842105263157895,0.7090909090909091,0.810344827586207,0.8545454545454545,0.7704918032786885,0.719298245614035,0.7884615384615384,0.6612903225806451,0.44,0.38596491228070173,0.5116279069767442,"{""artifactspred__replacement_strategy"": ""keep_exception_names"", ""decamelcase__decamlecase"": false, ""tfidf__use_idf"": true, ""vect__stemming"": true, ""vect__stop_words"": ""english""}",LogisticRegression(random_state=42)
0,77,0.660249581512868,0.6567246616956642,0.6339199676133004,0.6306306306306306,0.6306306306306306,0.6343756088057667,0.6316143729936835,"[[40, 0, 7, 11], [8, 30, 4, 11], [2, 1, 41, 8], [8, 3, 19, 29]]",0.6896551724137931,0.6896551724137931,0.6896551724137931,0.6896551724137931,0.5660377358490566,0.8823529411764706,0.6666666666666667,0.7884615384615384,0.5774647887323944,0.4915254237288136,0.4915254237288136,0.4915254237288136,"{""artifactspred__replacement_strategy"": ""keep_exception_names"", ""decamelcase__decamlecase"": false, ""tfidf__use_idf"": true, ""vect__stemming"": true, ""vect__stop_words"": ""english""}",LogisticRegression(random_state=42)
0,78,0.6480654761904762,0.6473214285714285,0.6412638287638288,0.6409090909090909,0.6409090909090909,0.6437732260941981,0.6432352836444909,"[[40, 5, 5, 5], [4, 37, 3, 10], [5, 2, 34, 15], [7, 4, 14, 30]]",0.7207207207207208,0.7272727272727273,0.7142857142857143,0.7254901960784315,0.6851851851851852,0.7708333333333334,0.6071428571428571,0.6071428571428571,0.6071428571428571,0.5217391304347826,0.5454545454545454,0.5,"{""artifactspred__replacement_strategy"": ""keep_exception_names"", ""decamelcase__decamlecase"": false, ""tfidf__use_idf"": true, ""vect__stemming"": true, ""vect__stop_words"": ""english""}",LogisticRegression(random_state=42)
0,79,0.6978647123767383,0.7000624209958806,0.6902337858220211,0.6883720930232559,0.6883720930232559,0.6824218819244219,0.6827650481708769,"[[32, 6, 11, 7], [7, 38, 5, 6], [0, 1, 49, 2], [7, 2, 13, 29]]",0.6274509803921569,0.5714285714285714,0.6956521739130435,0.737864077669903,0.6785714285714286,0.8085106382978723,0.7538461538461538,0.9423076923076923,0.6282051282051282,0.6105263157894737,0.5686274509803921,0.6590909090909091,"{""artifactspred__replacement_strategy"": ""keep_exception_names"", ""decamelcase__decamlecase"": false, ""tfidf__use_idf"": true, ""vect__stemming"": true, ""vect__stop_words"": ""english""}",LogisticRegression(random_state=42)
0,80,0.6742842315123114,0.6726795057460101,0.6770401382243487,0.6769911504424779,0.6769911504424779,0.6745377292188656,0.6736641223988558,"[[38, 3, 5, 9], [4, 42, 2, 6], [1, 2, 47, 10], [11, 6, 14, 26]]",0.6972477064220184,0.6909090909090909,0.7037037037037037,0.7850467289719626,0.7777777777777778,0.7924528301886793,0.7343749999999999,0.7833333333333333,0.6911764705882353,0.48148148148148145,0.45614035087719296,0.5098039215686274,"{""artifactspred__replacement_strategy"": ""keep_exception_names"", ""decamelcase__decamlecase"": false, ""tfidf__use_idf"": true, ""vect__stemming"": true, ""vect__stop_words"": ""english""}",LogisticRegression(random_state=42)
0,81,0.6449280446256253,0.6453024385013632,0.6445802005012531,0.6444444444444445,0.6444444444444445,0.6422940174186436,0.6424023403041903,"[[35, 9, 3, 10], [7, 41, 3, 5], [2, 4, 41, 9], [4, 8, 16, 28]]",0.6666666666666667,0.6140350877192983,0.7291666666666666,0.6949152542372881,0.7321428571428571,0.6612903225806451,0.6890756302521008,0.7321428571428571,0.6507936507936508,0.5185185185185186,0.5,0.5384615384615384,"{""artifactspred__replacement_strategy"": ""keep_exception_names"", ""decamelcase__decamlecase"": false, ""tfidf__use_idf"": true, ""vect__stemming"": true, ""vect__stop_words"": ""english""}",LogisticRegression(random_state=42)
0,82,0.6838676618611599,0.6842098124978808,0.690157935285054,0.6902654867256637,0.6902654867256637,0.6845150811766342,0.6847644111266792,"[[43, 4, 6, 6], [4, 43, 2, 6], [3, 2, 44, 7], [9, 9, 12, 26]]",0.7288135593220338,0.7288135593220338,0.7288135593220338,0.7610619469026548,0.7818181818181819,0.7413793103448276,0.7333333333333334,0.7857142857142857,0.6875,0.5148514851485149,0.4642857142857143,0.5777777777777777,"{""artifactspred__replacement_strategy"": ""keep_exception_names"", ""decamelcase__decamlecase"": false, ""tfidf__use_idf"": true, ""vect__stemming"": true, ""vect__stop_words"": ""english""}",LogisticRegression(random_state=42)
0,83,0.6624701258230044,0.670828771441778,0.643995566975067,0.6454545454545455,0.6454545454545455,0.6483229733229734,0.6533376892467802,"[[35, 2, 5, 11], [7, 41, 2, 9], [1, 4, 36, 17], [9, 2, 9, 30]]",0.6666666666666667,0.660377358490566,0.6730769230769231,0.7592592592592592,0.6949152542372882,0.8367346938775511,0.6545454545454545,0.6206896551724138,0.6923076923076923,0.5128205128205128,0.6,0.44776119402985076,"{""artifactspred__replacement_strategy"": ""keep_exception_names"", ""decamelcase__decamlecase"": false, ""tfidf__use_idf"": true, ""vect__stemming"": true, ""vect__stop_words"": ""english""}",LogisticRegression(random_state=42)
0,84,0.6489379084967319,0.6511562472522641,0.6458980077311923,0.6412556053811659,0.6412556053811659,0.6420984972703649,0.6412127580761741,"[[39, 4, 7, 7], [3, 40, 5, 9], [1, 4, 37, 8], [11, 2, 19, 27]]",0.7027027027027027,0.6842105263157895,0.7222222222222222,0.7476635514018691,0.7017543859649122,0.8,0.6271186440677965,0.74,0.5441176470588235,0.49090909090909096,0.4576271186440678,0.5294117647058824,"{""artifactspred__replacement_strategy"": ""keep_exception_names"", ""decamelcase__decamlecase"": false, ""tfidf__use_idf"": true, ""vect__stemming"": true, ""vect__stop_words"": ""english""}",LogisticRegression(random_state=42)
0,85,0.6419467787114845,0.6439775910364145,0.6235748181930235,0.6233766233766234,0.6233766233766234,0.6290709550055344,0.6299714971277054,"[[38, 4, 6, 9], [5, 40, 0, 12], [4, 2, 36, 19], [13, 4, 9, 30]]",0.6495726495726496,0.6666666666666666,0.6333333333333333,0.7476635514018691,0.7017543859649122,0.8,0.6428571428571429,0.5901639344262295,0.7058823529411765,0.47619047619047616,0.5357142857142857,0.42857142857142855,"{""artifactspred__replacement_strategy"": ""keep_exception_names"", ""decamelcase__decamlecase"": false, ""tfidf__use_idf"": true, ""vect__stemming"": true, ""vect__stop_words"": ""english""}",LogisticRegression(random_state=42)
0,86,0.6338404935490263,0.6344806099053729,0.6368382022910446,0.6367521367521367,0.6367521367521367,0.6338065326034654,0.634115148789924,"[[43, 3, 4, 7], [5, 40, 3, 9], [3, 4, 42, 13], [16, 7, 11, 24]]",0.6935483870967741,0.7543859649122807,0.6417910447761194,0.7207207207207207,0.7017543859649122,0.7407407407407407,0.6885245901639343,0.6774193548387096,0.7,0.4324324324324324,0.41379310344827586,0.4528301886792453,"{""artifactspred__replacement_strategy"": ""keep_exception_names"", ""decamelcase__decamlecase"": false, ""tfidf__use_idf"": true, ""vect__stemming"": true, ""vect__stop_words"": ""english""}",LogisticRegression(random_state=42)
0,87,0.6345512820512821,0.6324196618519763,0.6255792352008015,0.6244541484716157,0.6244541484716157,0.629103625878851,0.627479733617439,"[[39, 3, 5, 11], [8, 38, 3, 7], [1, 2, 36, 17], [12, 7, 10, 30]]",0.6610169491525424,0.6724137931034483,0.65,0.7169811320754718,0.6785714285714286,0.76,0.6545454545454545,0.6428571428571429,0.6666666666666666,0.4838709677419355,0.5084745762711864,0.46153846153846156,"{""artifactspred__replacement_strategy"": ""keep_exception_names"", ""decamelcase__decamlecase"": false, ""tfidf__use_idf"": true, ""vect__stemming"": true, ""vect__stop_words"": ""english""}",LogisticRegression(random_state=42)
0,88,0.7009409605574219,0.7055297003651687,0.6948350991114149,0.6972477064220184,0.6972477064220184,0.6956470253884047,0.6990784839962315,"[[40, 0, 4, 11], [10, 39, 4, 4], [2, 2, 43, 9], [5, 6, 9, 30]]",0.7142857142857142,0.7272727272727273,0.7017543859649122,0.7499999999999999,0.6842105263157895,0.8297872340425532,0.7413793103448276,0.7678571428571429,0.7166666666666667,0.576923076923077,0.6,0.5555555555555556,"{""artifactspred__replacement_strategy"": ""keep_exception_names"", ""decamelcase__decamlecase"": false, ""tfidf__use_idf"": true, ""vect__stemming"": true, ""vect__stop_words"": ""english""}",LogisticRegression(random_state=42)
0,89,0.730989029338086,0.7295019681392847,0.7335973434544215,0.7333333333333333,0.7333333333333333,0.7270221882001285,0.7260262424996393,"[[52, 3, 1, 2], [7, 43, 0, 6], [0, 2, 43, 9], [15, 6, 9, 27]]",0.787878787878788,0.896551724137931,0.7027027027027027,0.7818181818181819,0.7678571428571429,0.7962962962962963,0.8037383177570094,0.7962962962962963,0.8113207547169812,0.5346534653465346,0.47368421052631576,0.6136363636363636,"{""artifactspred__replacement_strategy"": ""keep_exception_names"", ""decamelcase__decamlecase"": false, ""tfidf__use_idf"": true, ""vect__stemming"": true, ""vect__stop_words"": ""english""}",LogisticRegression(random_state=42)
0,90,0.6578327588989633,0.6639200712903479,0.6474095796676442,0.6506550218340611,0.6506550218340611,0.6498277231056933,0.6543804323758106,"[[39, 5, 6, 12], [4, 40, 4, 7], [0, 2, 44, 14], [8, 5, 13, 26]]",0.6902654867256637,0.6290322580645161,0.7647058823529411,0.7476635514018691,0.7272727272727273,0.7692307692307693,0.6929133858267716,0.7333333333333333,0.6567164179104478,0.4684684684684685,0.5,0.4406779661016949,"{""artifactspred__replacement_strategy"": ""keep_exception_names"", ""decamelcase__decamlecase"": false, ""tfidf__use_idf"": true, ""vect__stemming"": true, ""vect__stop_words"": ""english""}",LogisticRegression(random_state=42)
0,91,0.660714738872253,0.6622251392076445,0.6373587315356997,0.639269406392694,0.639269406392694,0.6420084901871718,0.6438424453132363,"[[29, 8, 4, 13], [3, 39, 1, 11], [1, 1, 42, 14], [5, 4, 14, 30]]",0.6304347826086957,0.5370370370370371,0.7631578947368421,0.7358490566037735,0.7222222222222222,0.75,0.7058823529411765,0.7241379310344828,0.6885245901639344,0.4958677685950413,0.5660377358490566,0.4411764705882353,"{""artifactspred__replacement_strategy"": ""keep_exception_names"", ""decamelcase__decamlecase"": false, ""tfidf__use_idf"": true, ""vect__stemming"": true, ""vect__stop_words"": ""english""}",LogisticRegression(random_state=42)
0,92,0.6322485297721147,0.629217966853044,0.637134523560094,0.6318181818181818,0.6318181818181818,0.6342130992752897,0.6300456135749785,"[[39, 7, 5, 8], [4, 38, 0, 8], [1, 3, 36, 13], [12, 5, 15, 26]]",0.6782608695652174,0.6610169491525424,0.6964285714285714,0.7378640776699028,0.76,0.7169811320754716,0.6605504587155964,0.6792452830188679,0.6428571428571429,0.4601769911504425,0.4482758620689655,0.4727272727272727,"{""artifactspred__replacement_strategy"": ""keep_exception_names"", ""decamelcase__decamlecase"": false, ""tfidf__use_idf"": true, ""vect__stemming"": true, ""vect__stop_words"": ""english""}",LogisticRegression(random_state=42)
0,93,0.6139752040175769,0.6131711559172296,0.6208245981830887,0.6146788990825688,0.6146788990825688,0.6135328763710466,0.6098550258164332,"[[37, 7, 5, 4], [7, 37, 3, 7], [2, 7, 34, 8], [8, 9, 17, 26]]",0.6915887850467289,0.6981132075471698,0.6851851851851852,0.6491228070175439,0.6851851851851852,0.6166666666666667,0.6181818181818182,0.6666666666666666,0.576271186440678,0.4952380952380952,0.43333333333333335,0.5777777777777777,"{""artifactspred__replacement_strategy"": ""keep_exception_names"", ""decamelcase__decamlecase"": false, ""tfidf__use_idf"": true, ""vect__stemming"": true, ""vect__stop_words"": ""english""}",LogisticRegression(random_state=42)
0,94,0.6430235234114544,0.6492934606524872,0.6219640273519584,0.6244343891402715,0.6244343891402715,0.6278921582099558,0.6321485345690822,"[[39, 3, 2, 12], [7, 37, 4, 10], [2, 0, 37, 16], [8, 4, 15, 25]]",0.6964285714285714,0.6964285714285714,0.6964285714285714,0.7254901960784312,0.6379310344827587,0.8409090909090909,0.6548672566371682,0.6727272727272727,0.6379310344827587,0.43478260869565216,0.4807692307692308,0.3968253968253968,"{""artifactspred__replacement_strategy"": ""keep_exception_names"", ""decamelcase__decamlecase"": false, ""tfidf__use_idf"": true, ""vect__stemming"": true, ""vect__stop_words"": ""english""}",LogisticRegression(random_state=42)
0,95,0.622362675649822,0.6192997627649168,0.6330548128342246,0.6291079812206573,0.6291079812206573,0.6251031121933464,0.6214898469880332,"[[36, 5, 5, 5], [5, 36, 2, 8], [1, 3, 41, 10], [10, 9, 16, 21]]",0.6990291262135924,0.7058823529411765,0.6923076923076923,0.6923076923076923,0.7058823529411765,0.6792452830188679,0.6890756302521008,0.7454545454545455,0.640625,0.42,0.375,0.4772727272727273,"{""artifactspred__replacement_strategy"": ""keep_exception_names"", ""decamelcase__decamlecase"": false, ""tfidf__use_idf"": true, ""vect__stemming"": true, ""vect__stop_words"": ""english""}",LogisticRegression(random_state=42)
0,96,0.6551757985557327,0.657864382285864,0.6472838202219952,0.6478260869565218,0.6478260869565218,0.64986395487987,0.651447184487469,"[[37, 5, 2, 10], [10, 43, 1, 7], [2, 2, 38, 16], [8, 4, 14, 31]]",0.6666666666666666,0.6851851851851852,0.6491228070175439,0.7478260869565216,0.7049180327868853,0.7962962962962963,0.6725663716814159,0.6551724137931034,0.6909090909090909,0.5123966942148761,0.543859649122807,0.484375,"{""artifactspred__replacement_strategy"": ""keep_exception_names"", ""decamelcase__decamlecase"": false, ""tfidf__use_idf"": true, ""vect__stemming"": true, ""vect__stop_words"": ""english""}",LogisticRegression(random_state=42)
0,97,0.6635824500890858,0.6637656242358572,0.661616925455401,0.6607929515418502,0.6607929515418502,0.6619056088082637,0.6615928205729772,"[[38, 6, 5, 9], [4, 43, 3, 7], [3, 3, 37, 11], [8, 4, 14, 32]]",0.6846846846846846,0.6551724137931034,0.7169811320754716,0.7610619469026548,0.7543859649122807,0.7678571428571429,0.6548672566371682,0.6851851851851852,0.6271186440677966,0.547008547008547,0.5517241379310345,0.5423728813559322,"{""artifactspred__replacement_strategy"": ""keep_exception_names"", ""decamelcase__decamlecase"": false, ""tfidf__use_idf"": true, ""vect__stemming"": true, ""vect__stop_words"": ""english""}",LogisticRegression(random_state=42)
0,98,0.6688372584556137,0.6729179455052956,0.6683712121212121,0.6696035242290749,0.6696035242290749,0.6619657750105692,0.6646850581741942,"[[41, 3, 6, 6], [6, 46, 2, 6], [3, 1, 43, 8], [12, 2, 20, 22]]",0.6949152542372881,0.7321428571428571,0.6612903225806451,0.8214285714285715,0.7666666666666667,0.8846153846153846,0.6825396825396824,0.7818181818181819,0.6056338028169014,0.4489795918367347,0.39285714285714285,0.5238095238095238,"{""artifactspred__replacement_strategy"": ""keep_exception_names"", ""decamelcase__decamlecase"": false, ""tfidf__use_idf"": true, ""vect__stemming"": true, ""vect__stop_words"": ""english""}",LogisticRegression(random_state=42)
0,99,0.7213010204081632,0.7190585911784068,0.7295755466937732,0.7235023041474654,0.7235023041474654,0.7237069947596262,0.7196142849793103,"[[41, 4, 6, 3], [3, 44, 1, 1], [2, 3, 40, 13], [10, 5, 9, 32]]",0.7454545454545455,0.7592592592592593,0.7321428571428571,0.838095238095238,0.8979591836734694,0.7857142857142857,0.7017543859649122,0.6896551724137931,0.7142857142857143,0.6095238095238094,0.5714285714285714,0.6530612244897959,"{""artifactspred__replacement_strategy"": ""keep_exception_names"", ""decamelcase__decamlecase"": false, ""tfidf__use_idf"": true, ""vect__stemming"": true, ""vect__stop_words"": ""english""}",LogisticRegression(random_state=42)
